region,institution_id,person_name,title,role_type,verification,source_url
kuwait,marafie,Abdul Ilah Rafie Marafie,Chairman,board,v,https://www.marafiegroup.com/about-us.php
kuwait,marafie,Abdulhakim Marafie,General Director,executive,v,https://www.marafiegroup.com/about-us.php
kuwait,marafie,Abdul Munaf Marafie,Executive Director,executive,v,https://www.marafiegroup.com/about-us.php
kuwait,al_qabas,Waleed Al-Nisf,Editor-in-Chief,executive,v,https://kuwaittimes.com/article/49850/kuwait/other-news/al-qabas-chief-editor-waleed-al-nisf-media-personality-of-the-year/
kuwait,csc_kuwait,Ahmad Khaled Al-Jassar,Chairman,board,v,https://kuwaittimes.com/cabinet-fills-leadership-roles-across-state-bodies
kuwait,csc_kuwait,Abeer Abdul Latif Abdul Wahab Al-Fares,Assistant Undersecretary,executive,v,https://kuwaittimes.com/cabinet-fills-leadership-roles-across-state-bodies
kuwait,csc_kuwait,Ibrahim Ali Muayyed Al-Hajeri,Assistant Undersecretary,executive,v,https://kuwaittimes.com/cabinet-fills-leadership-roles-across-state-bodies
kuwait,csc_kuwait,Narges Yahya Abdul Rasool Hassan,Assistant Undersecretary,executive,v,https://kuwaittimes.com/cabinet-fills-leadership-roles-across-state-bodies
kuwait,kcci,Mohammed Jassem Al-Sager,Chairman,board,v,https://kuwaittimes.com/amir-congratulates-sagr-on-kcci-election/
kuwait,kcci,Abdul Wahab Mohammed Al-Wazzan,1st Vice Chairman,board,v,https://kuwaittimes.com/amir-congratulates-sagr-on-kcci-election/
kuwait,kcci,Fahd Yacoub Youssef Al-Jouan,2nd Vice Chairman,board,v,https://kuwaittimes.com/amir-congratulates-sagr-on-kcci-election/
