name,mentions,region_guess,status,first_seen,last_seen,sample_headline
Adnoc Logistics,2,abudhabi,pending,2026-10-06,2026-10-06,Adnoc Logistics & Services Strikes $324 Million Deal for Three More Gas Carriers
GCC Petroleum,2,oman,pending,2026-10-05,2026-10-06,Oman participates in 37th GCC Petroleum Cooperation Committee meeting
Hema Energy,2,oman,pending,2026-10-02,2026-10-07,Hema Energy targets EPC projects with Azerbaijani partner
Undersecretary of Ministry,2,qatar,pending,2026-10-05,2026-10-06,Undersecretary of Ministry of Justice Meets Arab League Secretary-General
Yaqeen Capital,2,saudi,pending,2026-10-06,2026-10-06,Yaqeen Capital previews Q3 earnings forecasts
Ubhar Capital,2,saudi,pending,2026-09-16,2026-10-06,Ubhar Capital places Ataa stock under review
Deutsche Bank,2,dubai,pending,2026-09-29,2026-10-07,Deutsche Bank names Vikas Arora Philippines country head
Abu Dhabi Investment,14,abudhabi,rejected,2026-09-16,2026-10-02,"Allied Blenders shares surge over 5% after SBI Mutual Fund, Abu Dhabi Investment Authority buy stake"
British Airways,10,dubai,rejected,2026-09-17,2026-10-06,British Airways Cuts UAE Flights as Emirates and Etihad Gain Opportunity
Man City,7,abudhabi,rejected,2026-08-25,2026-09-09,Stefan Borson furious as Man City's 115 charges to 'go on for years and years'
Than Financial,5,abudhabi,rejected,2026-09-25,2026-09-26,Manchester City Found Guilty Of More Than 100 Financial Rule Breaches
Hanwha Systems,4,abudhabi,rejected,2026-09-16,2026-09-17,Hanwha Systems to work with UAE’s Edge Group on integrated air defense network
Salalah Airport,4,oman,rejected,2026-09-19,2026-09-20,"Salalah Airport handles 687,000 passengers during khareef"
Municipal Council,4,oman,rejected,2026-09-21,2026-09-30,Municipal Council Elections committee approves preliminary candidate lists
Asian Infrastructure Investment Bank,4,qatar,rejected,2026-09-27,2026-09-28,"Asian Infrastructure Investment Bank can support Gulf connectivity, integration projects: Minister of Finance"
Hamad University,4,qatar,rejected,2026-09-29,2026-09-30,"HH the Amir Issues Amiri Decision Establishing, Organizing Tamim bin Hamad University for Military and Technology Sciences"
Hamad University for Military and Technology,4,qatar,rejected,2026-09-29,2026-09-30,"HH the Amir Issues Amiri Decision Establishing, Organizing Tamim bin Hamad University for Military and Technology Sciences"
Syrian Airlines,3,abudhabi,rejected,2026-09-20,2026-09-21,"Syrian Airlines expands European network with direct flights to Copenhagen, Vienna"
Explore Sustainable Energy,3,abudhabi,rejected,2026-09-17,2026-09-19,Beam Global and Masdar City Free Zone Sign MOU to Explore Sustainable Energy Infrastructure Opportunities
Turkish Airlines,3,bahrain,rejected,2026-09-24,2026-10-06,"Turkish Airlines, Boeing finalize 150 737 MAX order2m read"
OPEC Fund,3,oman,rejected,2026-09-16,2026-09-19,OPEC Fund earmarks $40m for Oman’s Yiti Sustainable City project
US Marine,3,oman,rejected,2026-10-04,2026-10-05,US Marine arrested in Japan over murder
Al-Attiyah International Energy,3,qatar,rejected,2026-09-16,2026-10-05,Al-Attiyah International Energy Awards to fete emerging energy leaders
Qatar Real Estate,3,qatar,rejected,2026-09-21,2026-09-27,Qatar Real Estate Forum 2026: Focus on tokenization and global investment
Shahba Bank,3,qatar,rejected,2026-09-17,2026-09-22,"Estithmar Holding announces completion of 48.68% stake transfer in Shahba Bank to Masaref Holding, a subsidiary of Estithmar Capital"
Aurion Capital,3,qatar,rejected,2026-09-23,2026-09-24,"Invest Qatar, Aurion Capital, LG NOVA Engage to Advance Technology Investments, Venture Building in Qatar"
Secretary-General of Ministry,3,qatar,rejected,2026-09-20,2026-10-05,Secretary-General of Ministry of Foreign Affairs meets Swedish Ambassador
QNB Capital,3,qatar,added,2026-09-29,2026-09-30,QNB Capital acts as global coordinator on Qatar’s $3bn dual-tranche bond issuance
Adani Airport Holdings,3,abudhabi,rejected,2026-09-10,2026-09-10,IHC backs Adani Airport Holdings’ $1bn fundraising round
Centurium Capital,3,abudhabi,rejected,2026-09-10,2026-09-10,Centurium Capital Management Ltd. and Mubadala Investment Company PJSC agreed to acquire an unknown minority stake in Luckin Coffee Inc. (OT
Dangote Refinery,3,abudhabi,rejected,2026-09-07,2026-09-07,ADNOC Reportedly Eyes Dangote Refinery Stake in Global Expansion
ADNOC Trading,3,abudhabi,added,2026-09-10,2026-09-15,THE TIPPING POINT: ADNOC Trading Chief Flags August as Tipping Point for Oil Prices
Sur Industrial City,3,oman,added,2026-09-15,2026-09-15,Madayn announces four new investment opportunities in Sur Industrial City
TAQA Water Solutions,3,abudhabi,added,2026-09-09,2026-09-09,TAQA Water Solutions appoints Dr. Shehab Ahmed Al Muharrami as CEO
Masdar City,3,abudhabi,added,2026-08-26,2026-09-03,"Masdar City Launches Emirati Package to Empower National Entrepreneurs, Aligning with Emirati Women's Day and the Year of Family"
Dubai Healthcare City,3,dubai,added,2026-09-10,2026-09-11,"Dubai Healthcare City begins work on Dh3b Creek GardensMore than 1,400 homes planned in a 127,000-square-metre community overlooking Dubai C"
SNB Capital,3,saudi,added,2026-09-03,2026-09-05,SNB Capital North America Index Fund
Abu Dhabi Construction,2,abudhabi,rejected,2026-09-23,2026-10-01,$13bn Rich Gas Development: Tecnimont Breaks Ground on $4.3bn Ruwais Phase 3 Expansion in Abu Dhabi
Lenskart Solutions,2,abudhabi,rejected,2026-09-21,2026-09-21,"ADIA sells 2.01% stake in Lenskart Solutions for ₹2,390 crore"
High Altitude Platform Systems,2,abudhabi,rejected,2026-09-23,2026-09-23,Space42 and Telespazio Ibérica Begin Wildfire Monitoring in Spain supported by High Altitude Platform Systems
Port Technology,2,northern,rejected,2026-09-21,2026-10-02,"Etihad Rail, AD Ports debut direct Fujairah-ICAD route"
Brixmor Property Group,2,abudhabi,rejected,2026-09-28,2026-09-29,"Brixmor Property Group, Everview Partners Acquire Slate Grocery REIT for $2.34B"
Industrial City,2,northern,rejected,2026-09-20,2026-09-20,"In partnership with AD Ports Group, Etihad Rail launches integrated rail service connecting Fujairah Terminals with Industrial City of Abu D"
Abu Dhabi Industrial City,2,northern,rejected,2026-09-20,2026-09-20,Etihad Rail Links Fujairah to Abu Dhabi Industrial City
Liveability and Investment,2,abudhabi,rejected,2026-09-30,2026-10-01,Khaled bin Mohamed bin Zayed attends Liveability and Investment Exhibition (LIVEX 2026)
Executive Council,2,abudhabi,rejected,2026-09-17,2026-09-18,Abu Dhabi sets out next steps: AI joins Executive Council meeting for first time
Al Seer Marine,2,abudhabi,added,2026-09-16,2026-09-16,Abu Dhabi's L'imad buys AD Ports stake from Al Seer Marine for $632mln
World Wind Energy,2,oman,rejected,2026-09-25,2026-09-26,Oman to host Gulf’s first World Wind Energy Conference in 2027
Special Economic Zone,2,oman,rejected,2026-09-23,2026-09-23,His Majesty the Sultan visits Special Economic Zone in Duqm
Labour Ministry,2,oman,added,2026-09-19,2026-09-30,Labour Ministry urges shift to capability economy
Leadership Development,2,oman,rejected,2026-09-29,2026-09-30,RAM launches Leadership Development Programme in the Food Security Sector
Honeywell Technologies,2,qatar,rejected,2026-09-23,2026-09-24,"QFZ, Honeywell Technologies partner to establish manufacturing and service hub in Qatar"
Port City,2,qatar,rejected,2026-09-28,2026-09-29,"Qatar Chamber briefed on investment opportunities in Port City Colombo, Sri Lanka"
Indian Finance,2,qatar,rejected,2026-09-29,2026-09-30,Minister of State for Foreign Trade Affairs Meets Indian Finance and Corporate Affairs Minister
QFBA Finance,2,qatar,rejected,2026-09-22,2026-09-22,Ahlibank announces platinum sponsorship of QFBA Finance Researcher Award 2026
Canada Investment,2,qatar,rejected,2026-09-16,2026-09-17,Qatar participates in Canada Investment Summit
Estithmar Holding,2,qatar,rejected,2026-09-17,2026-09-24,"Estithmar Holding announces completion of 48.68% stake transfer in Shahba Bank to Masaref Holding, a subsidiary of Estithmar Capital"
Azerbaijan International Investment,2,qatar,rejected,2026-09-26,2026-09-27,Qatar Chamber participates in ‘Azerbaijan International Investment Forum’
Al Yamamah Steel,2,saudi,rejected,2026-09-18,2026-10-05,Al Yamamah Steel signs two steel tower contracts worth SAR 254.3M
Advanced Energy,2,saudi,rejected,2026-09-17,2026-09-22,Advanced Energy Trading and Contracting
Ebara Elliott Energy,2,bahrain,rejected,2026-09-16,2026-09-21,Ebara Elliott Energy expands Houston turbomachinery service centre
Noor Energy,2,bahrain,added,2026-09-28,2026-09-28,DEWA completes $2.7bn refinancing of Noor Energy 1
Skytrax World Airport,2,bahrain,rejected,2026-09-16,2026-09-16,BIA wins three prestigious Skytrax World Airport Awards
Siemens Energy,2,saudi,rejected,2026-10-02,2026-10-05,Siemens Energy’s supervisory and executive boards meet at Dammam Hub
London House Exchange,2,dubai,rejected,2026-10-01,2026-10-02,UAE investor GII acquires majority stake in UK’s London House Exchange
UAE-listed MAIR Group,2,,added,2026-09-24,2026-09-24,UAE-listed MAIR Group to acquire 70% stake in Espressolab owner Eslab
US Treasury Department,2,,rejected,2026-09-23,2026-10-02,UAE approves sale of Egypt’s Banque Misr branches
Oman Investment,2,oman,rejected,2026-09-24,2026-09-24,Oman floats $7bn of tenders for private sector
Al-Shaheed Park,2,kuwait,rejected,2026-10-01,2026-10-01,Prime Minister opens Al-Shaheed Park Phase III on behalf of Amir
Watani Steel,2,saudi,added,2026-10-01,2026-10-06,"Watani Steel transfers to TASI, debuts at SAR 1.82"
ASB Capital,2,bahrain,added,2026-09-28,2026-10-04,ASB Capital secures top role in $500m KIB sukuk
Raysut Industrial City,2,oman,added,2026-10-03,2026-10-04,Oman's Raysut Industrial City attracts nine new projects in H1
Alternatif Bank,2,qatar,added,2026-10-04,2026-10-04,"Commercial Bank, Alternatif Bank support Turkish companies’ Gulf expansion"
UAE Central Bank,2,,rejected,2026-09-24,2026-10-03,UAE Central Bank bars Bank Melli Iran from conducting transactions
Sobha Realty,2,dubai,added,2026-09-28,2026-10-02,Dubai’s Sobha Realty eyes $600m US housing push and targets further expansion
Minor Hotels,2,dubai,added,2026-10-02,2026-10-02,Minor Hotels signs new Dubai Islands beachfront hotel2m read
SA AF Capital,2,saudi,added,2026-09-17,2026-10-01,"Akron Investment, SA’AF Capital launch SAR 5B real estate fund"
ANB Capital,2,saudi,added,2026-09-30,2026-10-01,"ANB Capital reiterates flynas rating, sets TP"
Dubai Healthcare,2,dubai,rejected,2026-09-11,2026-09-11,Dubai Healthcare City begins work on Dh3b Creek Gardens2m read
Key Mavens Group,2,bahrain,added,2026-09-29,2026-09-30,"Key Mavens Group, LuLu sign Le Meryeme - Liwan deal3m read"
Emirates Airlines,2,dubai,rejected,2026-09-30,2026-09-30,"5.Dh535 worth of passes, boarding pass discounts: Emirates Airlines invites travellers to Dubai"
Khoula Hospital,2,oman,added,2026-09-30,2026-09-30,Khoula Hospital begins implementation of VNS technology to treat drug-resistant epilepsy
Interior Ministry,2,qatar,rejected,2026-09-12,2026-10-01,Interior Ministry Undersecretary Meets Under-Secretary of State for International Trade at Finnish Foreign Ministry
Alpha Capital,2,saudi,added,2026-09-30,2026-10-01,Alpha Capital acquires 33.7% of Tharawat Seas through Alpha Aquaculture Fund
Arab Monetary Fund,2,abudhabi,added,2026-09-27,2026-09-28,Arab Monetary Fund marks 50 years with Abu Dhabi summit2m read
Muscat International Airport,2,saudi,rejected,2026-09-23,2026-09-28,Muscat International Airport celebrates Saudi National Day
Traffic Department,2,qatar,rejected,2026-09-23,2026-09-27,Traffic Department invites bid for special vehicle registration numbers
Jadwa Investment,2,saudi,added,2026-09-17,2026-09-28,Jadwa Investment sees trade restrictions hampering economic recovery
Dubai Future Finance,2,dubai,rejected,2026-09-08,2026-09-08,Finance leaders convene at Dubai Future Finance Week4m read
Qatar Media Corporation,2,qatar,added,2026-09-20,2026-09-26,Qatar Media Corporation participates in BilAraby Annual Gathering 2026
Red Sea Hospital,2,saudi,added,2026-09-17,2026-09-27,"Red Sea Global, Sulaiman Al Habib open Red Sea Hospital"
Information Ministry,2,kuwait,rejected,2026-09-25,2026-09-26,Kuwait: Information Ministry wins two awards at 26th Arab Radio and TV Festival
JK Cement,2,northern,rejected,2026-09-03,2026-09-03,JK Cement inaugurates JK DryChem Industries at RAKEZ1m read
Doha for Science and Technology,2,qatar,rejected,2026-09-04,2026-09-22,"University of Doha for Science and Technology and Alfardan Exchange, launch “FinTech Stars” competition to support innovation and entreprene"
Sultan Qaboos University,2,oman,added,2026-09-03,2026-09-22,Sultan Qaboos University study identifies key reasons for delayed child abuse reporting
University of Doha for Science and Technology,2,qatar,added,2026-09-04,2026-09-22,"University of Doha for Science and Technology and Alfardan Exchange, launch “FinTech Stars” competition to support innovation and entreprene"
Qatar Investment,2,qatar,rejected,2026-09-10,2026-09-21,Qatar Investment Authority Invests in Positron AI's Series C Financing
Southern Cement,2,saudi,rejected,2026-09-10,2026-09-21,Southern Cement: Q2 performance overview
Dubai Parks and Resorts,2,dubai,rejected,2026-09-18,2026-09-18,Dubai Parks and Resorts theme parks to reopen after six-month closure
Justice Ministry,2,qatar,rejected,2026-09-15,2026-09-18,Justice Ministry welcomes Qatar's accession to Hague Conference on Private International Law
World Liberty Financial,2,abudhabi,rejected,2026-08-28,2026-08-28,Is Abu Dhabi’s Sheikh Tahnoon Taking a 49% Stake in Donald Trump’s World Liberty Financial?
Apparel Group,2,,added,2026-09-03,2026-09-18,"Apparel Group, Carrefour launch hypermarket in India3m read"
Environment Authority,2,oman,added,2026-09-14,2026-09-16,Oman aims for net-zero emissions by 2050: Chairman of Environment Authority
Mohammed Al Habib Real Estate Company,2,saudi,added,2026-09-14,2026-09-15,"Expo 2030 Riyadh, Mohammed Al Habib Real Estate sign $853m JV deal for Expo Village"
Knowledge Economic City Company,2,saudi,rejected,2026-09-08,2026-09-15,$750m Medina project targets non-Saudi buyers
General Tax Authority,2,qatar,added,2026-09-03,2026-09-14,General Tax Authority celebrates graduation of first cohort of tax specialist certificate holders
AlRayan Investment,2,qatar,added,2026-09-14,2026-09-14,AlRayan Investment and AlRayan Bank co-Lead Partners of IFN Qatar Dialogues 2026
GIB Capital,2,saudi,added,2026-09-04,2026-09-14,GIB Capital launches bookbuild for ACDIMA’s SPIMACO stake
Ruwais Refinery,2,abudhabi,rejected,2026-08-31,2026-09-03,"Ruwais Refinery Back to Full Capacity, People Say, as Adnoc Lifts Product Exports"
Manchester City,2,abudhabi,rejected,2026-09-01,2026-09-05,Manchester City Women get new $13.5m headquarters
Dubai Maritime Authority,2,dubai,added,2026-09-07,2026-09-08,Dubai Maritime Authority drives maritime ecosystem 1h ago3m read
Muscat Municipality,2,oman,added,2026-09-04,2026-09-07,Muscat Municipality prohibits feeding birds in public places
Al Mazunah Free Zone,2,oman,added,2026-09-05,2026-09-06,Al Mazunah Free Zone localises four projects in H1 2026
Port of Duqm,2,oman,added,2026-09-03,2026-09-03,Arrival of one of world's largest car carriers highlights Port of Duqm capabilities
AlRayan Bank,2,qatar,rejected,2026-09-03,2026-09-03,"QFC, AlRayan Bank sign MoU to boost Islamic finance and capital markets"
BSF Capital,2,saudi,added,2026-09-11,2026-09-12,"BSF Capital maintains Maaden, AMAK ratings"
Gulf Coast Development Company,2,saudi,added,2026-09-07,2026-09-08,PIF launches Gulf Coast Development to build integrated coastal destination in Al-Khafji
SICO Bank,2,saudi,added,2026-09-03,2026-09-08,"SICO Bank sets rating for Mouwasat Medical Services, raises TP"
Saudi Energy,2,saudi,rejected,2026-09-03,2026-09-07,"SICO Bank revises Saudi Energy rating, TP"
Axelerated Solutions,2,saudi,added,2026-09-03,2026-09-03,Axelerated Solutions to establish SAR 675M data center fund
Fakhruddin Properties,2,dubai,added,2026-09-08,2026-09-10,Fakhruddin Properties unveils 463-unit premier mixed-use project in Dubai
Saudi Investment Bank,2,saudi,rejected,2026-09-03,2026-09-04,Saudi Investment Bank to exit AmEx Saudi Arabia via $381mln stake sale
BlueFive Capital,2,abudhabi,added,2026-09-11,2026-09-12,Abu Dhabi’s BlueFive Capital acquires 30% stake in supercar producer Bugatti Rimac
US Energy,1,oman,rejected,2026-09-27,2026-09-27,"Only way to a better America is more energy addition, says US Energy Secretary"
Saudi Construction,1,saudi,rejected,2026-09-22,2026-09-22,Saudi Construction Cost Index rises 2.3% in August
Al Qura for Development and Construction,1,saudi,rejected,2026-09-22,2026-09-22,"Umm Al Qura for Development and Construction announces early execution of land reservation, sale deal with Numu, with SAR 700M investments t"
Umm Al Qura for Development,1,saudi,rejected,2026-09-22,2026-09-22,"Umm Al Qura for Development and Construction announces early execution of land reservation, sale deal with Numu, with SAR 700M investments t"
Moon World Resorts,1,bahrain,rejected,2026-09-30,2026-09-30,Moon World Resorts appoints BDP Quadrangle as Lead Architects
Saudi Media Company,1,saudi,rejected,2026-09-22,2026-09-22,Cristiano Ronaldo part of $500m bid for stake in Al Nassr
GCC Capital,1,,rejected,2026-09-22,2026-09-22,VIDEO: Testimonials from Zawya’s GCC Capital Markets Forum
US Department,1,saudi,rejected,2026-09-18,2026-09-18,US agrees to sell F-35 ⁠fighter jets to Saudi Arabia
European Commission,1,kuwait,rejected,2026-10-06,2026-10-06,STRASBOURG: European Commission President Ursula von der Leyen warned on Tuesday against a push by Germany and other member states for 'larg
American Airlines,1,abudhabi,rejected,2026-09-15,2026-09-15,American Airlines is Struggling With Broken Business Class Seats On Its Brand New Airbus A321XLR Airplanes
Balkan Green Energy,1,abudhabi,rejected,2026-09-15,2026-09-15,"Serbia, Masdar weigh large-scale BESS projects"
IHC and Adani Group,1,abudhabi,rejected,2026-09-11,2026-09-11,IHC and Adani Group sign agreement to invest Rs 2.1 trilion in Odisha
Boring Company,1,,rejected,2026-09-11,2026-09-11,"Musk’s Boring Company raises $3bln in UAE-led round, valuing startup at $23bln"
Adani Group,1,abudhabi,rejected,2026-09-10,2026-09-10,"Adani Group, IHC Sign MoUs with Odisha for ₹2.1 Trillion Investment Projects"
Marlan Holding,1,abudhabi,added,2026-09-10,2026-09-10,VIDEO: Abu Dhabi's IHC to acquire 80% stake in UAE space company Marlan Holding
Qatar Development,1,qatar,rejected,2026-09-08,2026-09-08,"Qatar Development Bank Named ""Development Partner"" for QMED 2026"
Dell Technologies,1,,rejected,2026-09-07,2026-09-07,Dell Technologies and Armada sign strategic MoU to accelerate mobile and edge data infrastructure ac
Saudi Investment,1,saudi,rejected,2026-09-04,2026-09-04,Saudi Investment Bank to exit AmEx Saudi Arabia via $381mln stake sale
Arrive Logistics,1,abudhabi,rejected,2026-09-03,2026-09-03,"Arrive Logistics Deal: No Debt, More Growth"
Infinity Power,1,,rejected,2026-09-03,2026-09-03,Masdar to co-develop 1GW wind power project in Egypt
Trump-Linked World Liberty Financial,1,abudhabi,rejected,2026-08-28,2026-08-28,WSJ: UAE Royal Sheikh Tahnoon Bin Zayed Holds 49% Stake in Trump-Linked World Liberty Financial Banking Venture
